Sample Name,Household connected to the national grid?,have got an electric/pre-paid meter?,Monthly Electyricity Bill(Dollars),Monthly Electricity Consumption(KWh),Is the quality of electricity service the same all year?,Hours of electricity availability (in 24 hours),Hours of electricity availability (During Evening),No of Disruptions per week,Avg time of disruption( in minutes),Have Voltage Fluctions?,Fluctations affecting the Devices?,Annual Household Income,Bill Payed to Utility?,Prepaid Card?,Paid to Authorized representatives?,Any Past accidents,Any Future Threats,Tier wrt Capacity,Tier wrt Availability,Tier wrt  Reliability,Tier wrt Quality,Tier wrt Affordability,Tier wrt Legality,Tier wrt Health & Safety,FINAL TIER
Osvaldo Mcgary,0,0,0,0,1,22,5,7,23,0,0,438,0,0,0,0,0,0,4,4,5,2,3,5,0
Carola Claudio,0,0,40,133.3333333,1,20,1,29,17,0,0,5760,0,0,1,0,0,5,1,3,5,5,3,5,1
Britteny Gregg,0,0,0,0,0,19,4,13,23,0,0,474,0,0,0,0,1,0,4,4,5,2,3,3,0
Twila Tancredi,0,0,0,0,1,12,7,28,16,0,0,322,0,0,0,0,1,0,3,3,5,2,3,3,0
Kasey Ryans,1,1,57,190,1,5,7,23,16,1,0,4104,0,1,0,0,0,5,2,3,3,5,5,5,2
Otto Serrata,0,1,0,0,0,24,5,6,19,0,0,465,0,0,0,0,1,0,5,4,5,2,3,3,0
Laurence Kniffen,0,1,105,350,1,19,5,12,20,0,0,22680,0,0,1,0,1,5,4,4,5,5,3,3,3
Dorotha Cleek,0,1,80,266.6666667,1,12,7,15,11,0,0,9600,0,0,1,0,0,5,3,3,5,5,3,5,3
Clint Kovar,1,1,160.2,534,0,19,5,1,5,1,0,88430.4,0,1,0,0,0,5,4,5,3,2,5,5,2
Kenyetta Palomo,1,1,94.8,316,1,4,2,9,30,1,1,15926.4,0,1,0,1,1,5,2,4,3,5,5,3,2
Tonia Durling,0,1,131,436.6666667,0,1,6,20,13,1,0,15720,0,0,1,0,1,5,0,3,3,5,3,3,0
Cliff Waltman,1,1,21.3,71,1,17,2,21,24,0,0,3578.4,0,1,0,0,0,4,2,3,5,5,5,5,2
Rosena Bax,0,1,46.8,156,1,21,3,17,16,0,0,1123.2,0,0,1,1,0,5,3,3,5,5,3,3,3
Emmitt Mcadory,0,1,30.6,102,0,8,1,9,27,1,1,4406.4,0,0,1,1,0,5,1,4,3,5,3,3,1
Lesia Given,1,1,26.6,88.66666667,0,2,3,26,12,0,0,1276.8,0,1,0,0,0,4,0,3,5,5,5,5,0
Lorene Carroway,1,1,18.9,63,1,5,7,19,24,0,0,4536,1,0,0,0,0,4,2,3,5,2,5,5,2
Vincent Carroll,1,1,136,453.3333333,1,16,7,3,4,1,0,62016,0,1,0,0,0,5,4,5,3,2,5,5,2
Risa Andreotti,0,0,214,713.3333333,0,18,1,4,17,0,0,5136,0,0,1,1,0,5,1,4,5,5,3,3,1
Lavern Paden,1,1,46.4,154.6666667,1,8,5,4,23,0,0,6681.6,0,1,0,1,0,5,3,4,5,5,5,3,3
Ghislaine Knipe,0,1,0,0,0,4,0,8,29,0,0,431,0,0,0,1,1,0,0,4,5,2,3,3,0
Joanna Shults,1,1,36,120,1,18,6,28,16,0,0,2592,0,1,0,1,0,5,4,3,5,5,5,3,3
Shanel Rustad,1,1,96,320,1,24,7,12,14,0,0,16128,0,1,0,0,0,5,5,4,5,5,5,5,4
Anette Rowen,1,1,153.6,512,0,18,7,6,4,0,0,106905.6,0,1,0,0,0,5,4,4,5,2,5,5,2
Sherrie Joachim,1,1,1,3.333333333,0,14,2,28,20,1,1,240,0,1,0,0,1,2,2,3,3,2,5,3,2
Gerda Mullenax,0,1,108,360,0,9,7,30,11,1,1,15552,0,0,1,0,1,5,3,3,3,5,3,3,3
Tianna Engels,0,1,0,0,1,5,5,22,20,0,0,438,0,0,0,0,1,0,2,3,5,2,3,3,0
Juliana Vandemark,0,1,23.4,78,1,21,6,9,17,1,0,3931.2,0,0,1,0,0,4,4,4,3,5,3,5,3
Ines Mcnellis,0,0,46.2,154,0,4,2,30,11,1,1,8870.4,0,0,1,0,0,5,2,3,3,5,3,5,2
Kimberlie Beauvais,1,1,18.8,62.66666667,1,8,6,3,30,1,0,3158.4,1,0,0,0,1,4,3,5,3,5,5,3,3
Dakota Heck,1,1,91.2,304,1,20,3,30,16,1,0,8755.2,0,1,0,0,0,5,3,3,3,5,5,5,3
Hester Stehle,0,1,98,326.6666667,0,14,7,10,30,1,1,16464,0,0,1,0,0,5,3,4,3,5,3,5,3
Jule Meisel,1,1,38.8,129.3333333,0,5,3,10,18,0,0,8380.8,1,0,0,0,1,5,2,4,5,5,5,3,2
Novella Novy,0,1,100.8,336,1,7,2,30,10,1,1,16934.4,0,0,1,0,0,5,2,3,3,5,3,5,2
Dario Sereno,1,1,97.8,326,1,4,6,7,29,1,1,7041.6,1,0,0,0,1,5,2,4,3,5,5,3,2
Wallace Mauck,0,0,0,0,1,16,3,6,29,0,0,461,0,0,0,0,1,0,3,4,5,2,3,3,0
Aracelis Brixey,0,0,126,420,0,20,2,22,24,1,1,24192,0,0,1,1,0,5,2,3,3,5,3,3,2
Rasheeda Asencio,1,1,126.9,423,1,21,6,1,8,0,0,42638.4,0,1,0,0,0,5,4,5,5,2,5,5,2
Kasi Sheller,0,0,0,0,0,21,2,27,25,0,0,337,0,0,0,0,0,0,2,3,5,2,3,5,0
Linh Kasel,1,1,21.8,72.66666667,1,11,0,5,19,1,0,1569.6,0,1,0,0,0,4,0,4,3,5,5,5,0
Rubi Mogan,1,1,10.7,35.66666667,1,14,5,23,18,1,1,1797.6,1,0,0,1,0,3,3,3,3,5,5,3,3
Akram Meyer,1,1,61.2,204,,9,6,30,19,0,0,14688,0,1,0,1,0,5,3,3,5,2,5,3,2
Jared Drew,0,1,260,866.6666667,,0,6,13,16,0,0,6240,0,0,1,1,0,5,0,4,5,5,3,3,0
Star Solomon,0,0,0,0,,24,7,20,23,0,0,451,0,0,0,1,1,0,5,3,5,2,3,3,0
Elicia Prince,0,1,272,906.6666667,,4,5,7,16,1,0,32640,0,0,1,0,1,5,2,4,3,5,3,3,2
Malia Mendez,1,1,9.1,30.33333333,,1,7,4,18,0,0,873.6,1,0,0,0,1,3,0,4,5,5,5,3,0
Collette Cochran,0,0,157.6,525.3333333,,0,3,17,26,1,1,34041.6,0,0,1,0,0,5,0,3,3,5,3,5,0
Ava-Mai Hastings,0,1,0,0,,9,2,18,12,0,0,479,0,0,0,0,0,0,2,3,5,2,3,5,0
Yusra Mcknight,0,1,51.2,170.6666667,,22,6,12,13,0,0,7372.8,0,0,1,0,1,5,4,4,5,5,3,3,3
Ishan Bravo,1,1,88.5,295,,9,0,30,20,0,0,14868,1,0,0,0,1,5,0,3,5,5,5,3,0
Aarav Mercado,0,0,173.6,578.6666667,,16,4,6,25,0,0,33331.2,0,0,1,0,1,5,4,4,5,5,3,3,3
Gregor Fowler,1,1,7,23.33333333,,12,2,13,22,1,1,504,0,1,0,1,0,3,2,4,3,5,5,3,2
Randy Dowling,1,1,11.4,38,,5,4,4,28,1,1,1915.2,1,0,0,1,0,3,2,4,3,5,5,3,2
Kory Tucker,0,0,28,93.33333333,,14,0,20,19,1,0,2688,0,0,1,0,1,4,0,3,3,5,3,3,0
Eadie Meza,1,1,120,400,,17,6,4,14,0,0,51840,1,0,0,0,0,5,4,4,5,2,5,5,2
Ainsley Cobb,0,0,0,0,,16,3,8,12,0,0,340,0,0,0,0,0,0,3,4,5,2,3,5,0
Konrad Byers,0,1,0,0,,6,1,19,28,0,0,318,0,0,0,1,0,0,1,3,5,2,3,3,0
Lorelai Richmond,1,1,173.7,579,,24,6,3,8,0,0,41688,1,0,0,0,0,5,5,5,5,2,5,5,2
Flynn Griffiths,0,0,12,40,,23,5,24,25,0,0,1728,0,0,1,1,1,3,5,3,5,5,3,3,3
Nyla Weeks,1,1,162.9,543,,24,4,3,13,0,0,97740,1,0,0,0,0,5,5,5,5,2,5,5,2
Shanaya Sanderson,1,1,92.7,309,,1,5,17,17,1,1,22248,1,0,0,0,1,5,0,3,3,2,5,3,0
Traci Mccaffrey,0,1,0,0,,15,3,11,26,0,0,466,0,0,0,1,1,0,3,4,5,2,3,3,0
Shakeel Mcgee,1,1,18.6,62,,14,1,8,13,0,0,3571.2,0,1,0,0,0,4,1,4,5,5,5,5,1
Winifred Eaton,0,1,49.2,164,,10,3,25,22,0,0,4723.2,0,0,1,1,0,5,3,3,5,5,3,3,3
Brittney Redman,0,1,0,0,,14,4,8,24,0,0,406,0,0,0,0,1,0,3,4,5,2,3,3,0
Lisa Levy,0,1,75.6,252,,6,6,5,10,1,1,7257.6,0,0,1,0,1,5,2,4,3,5,3,3,2
Linzi Peel,1,1,97.5,325,,19,0,29,24,1,0,21060,1,0,0,0,1,5,0,3,3,5,5,3,0
Harleen Sargent,0,1,270,900,,16,5,3,23,0,0,38880,0,0,1,0,1,5,4,5,5,5,3,3,3
Colin Britton,1,1,7.2,24,,16,1,21,14,1,0,1036.8,1,0,0,0,1,3,1,3,3,5,5,3,1
Catriona O'Quinn,1,1,54.6,182,,19,0,3,30,0,0,13104,1,0,0,0,1,5,0,5,5,2,5,3,0
Keziah Dean,1,1,23.5,78.33333333,,16,4,30,30,0,0,2820,1,0,0,0,1,4,4,3,5,5,5,3,3
Enya Farrington,1,1,13.4,44.66666667,,7,5,26,21,0,0,3216,0,1,0,1,1,4,2,3,5,2,5,3,2
Luther Mcdonald,1,1,0.7,2.333333333,,19,7,8,29,1,0,151.2,0,1,0,0,1,1,4,4,3,5,5,3,1
Ruairi Sanford,0,0,0,0,,24,4,22,24,0,0,464,0,0,0,0,0,0,5,3,5,2,3,5,0
Valerie Mcintosh,1,1,28,93.33333333,,7,2,6,27,1,1,6048,1,0,0,0,0,4,2,4,3,5,5,5,2
Esme Mcdaniel,1,1,96,320,,1,0,17,10,1,1,18432,0,1,0,0,1,5,0,3,3,5,5,3,0
Johanna Patton,0,1,0,0,,1,1,11,17,0,0,476,0,0,0,0,0,0,0,4,5,2,3,5,0
Neal Lester,1,1,36,120,,23,5,12,18,1,1,8640,0,1,0,1,1,5,5,4,3,2,5,3,2
Shanay Garrison,1,1,100.1,333.6666667,,20,5,0,7,0,0,28828.8,0,1,0,0,0,5,4,5,5,2,5,5,2
Sherry Gilbert,0,0,33.6,112,,6,3,27,13,0,0,3225.6,0,0,1,0,0,5,2,3,5,5,3,5,2
Daniel Pitts,1,1,16.4,54.66666667,,3,3,22,10,0,0,2361.6,1,0,0,0,0,4,0,3,5,5,5,5,0
Carwyn Vega,0,0,97.6,325.3333333,,20,0,4,27,1,0,18739.2,0,0,1,0,0,5,0,4,3,5,3,5,0
Niyah Harrington,1,1,20.4,68,,24,1,20,15,0,0,2448,0,1,0,1,0,4,1,3,5,5,5,3,1
Don Lovell,1,1,32.6,108.6666667,,8,2,5,26,1,1,5476.8,0,1,0,1,1,5,2,4,3,5,5,3,2
Keagan Terrell,0,1,0,0,,8,3,17,22,0,0,414,0,0,0,0,0,0,3,3,5,2,3,5,0
Blair Burton,1,1,162,540,,22,2,7,14,0,0,116640,1,0,0,0,0,5,2,4,5,2,5,5,2
Emeli Nicholls,0,1,0,0,,5,3,8,25,0,0,332,0,0,0,1,0,0,2,4,5,2,3,3,0
Larry Salinas,1,1,1.8,6,,11,0,13,30,1,1,388.8,1,0,0,0,1,2,0,4,3,5,5,3,0
Candice Simons,1,1,125.3,417.6666667,,16,7,3,6,0,0,39093.6,1,0,0,0,0,5,4,5,5,2,5,5,2
Amritpal Burgess,0,0,108.8,362.6666667,,9,1,25,24,0,0,10444.8,0,0,1,0,1,5,1,3,5,5,3,3,1
Caroline Slater,0,0,0,0,,18,2,24,24,0,0,431,0,0,0,0,0,0,2,3,5,2,3,5,0
Joyce Sutherland,1,1,40,133.3333333,,17,7,6,20,0,0,8640,1,0,0,1,1,5,4,4,5,5,5,3,3
Milli West,1,1,135,450,,17,7,7,8,1,0,55080,1,0,0,0,0,5,4,4,3,2,5,5,2
Sol Lennon,1,1,23.4,78,,22,5,12,18,0,0,4492.8,0,1,0,1,0,4,4,4,5,5,5,3,3
Milana Childs,1,1,37.5,125,,5,7,20,24,1,1,7200,1,0,0,0,0,5,2,3,3,5,5,5,2
Niko Calhoun,1,1,34,113.3333333,,16,7,18,23,1,0,5712,0,1,0,1,0,5,4,3,3,5,5,3,3
Avleen Mccall,0,1,220.8,736,,2,1,14,20,1,1,21196.8,0,0,1,1,0,5,0,4,3,5,3,3,0
Hajra Morley,0,0,0,0,,15,6,26,25,0,0,301,0,0,0,0,1,0,3,3,5,2,3,3,0
Kaja Cassidy,1,1,42.3,141,,12,7,27,12,0,0,10152,0,1,0,0,1,5,3,3,5,2,5,3,2
Melinda Watkins,1,1,25,83.33333333,,13,2,6,28,0,0,2400,1,0,0,1,1,4,2,4,5,5,5,3,2
Keanu Santana,0,0,15.6,52,,5,6,25,28,1,1,1123.2,0,0,1,0,1,4,2,3,3,5,3,3,2
Katelyn Donald,1,1,5.9,19.66666667,,9,0,24,23,0,0,991.2,1,0,0,0,1,3,0,3,5,5,5,3,0
Sameer Colley,1,1,21.6,72,,14,7,6,26,1,1,1555.2,0,1,0,0,1,4,3,4,3,5,5,3,3
Harriet Rivera,1,1,72.9,243,,20,0,30,30,0,0,10497.6,0,1,0,0,0,5,0,3,5,5,5,5,0
Kira Romero,1,1,4.7,15.66666667,,15,2,24,13,0,0,112.8,0,1,0,0,0,3,2,3,5,5,5,5,2
Jimi Kay,1,1,98.5,328.3333333,,12,5,23,23,0,0,18912,0,1,0,0,1,5,3,3,5,5,5,3,3
Avni Douglas,1,1,74,246.6666667,,7,7,28,18,0,0,5328,0,1,0,0,0,5,2,3,5,5,5,5,2
Rhea Pickett,1,1,48.4,161.3333333,,15,0,4,29,0,0,1161.6,0,1,0,0,1,5,0,4,5,5,5,3,0
Darrell Neale,0,0,0,0,,24,2,9,20,0,0,424,0,0,0,0,1,0,2,4,5,2,3,3,0
Nakita Hunter,0,1,189.6,632,,22,4,23,21,0,0,18201.6,0,0,1,0,0,5,4,3,5,5,3,5,3
Johnathan Zavala,1,1,152,506.6666667,,15,5,1,5,0,0,80256,0,1,0,0,0,5,3,5,5,2,5,5,2
Fabien Merrill,0,0,159,530,,7,5,29,21,0,0,26712,0,0,1,0,1,5,2,3,5,5,3,3,2
Berat Briggs,1,1,67.2,224,,10,7,12,29,1,0,16128,1,0,0,1,0,5,3,4,3,2,5,3,2
Cruz Shea,0,0,0,0,,17,2,23,23,0,0,323,0,0,0,0,1,0,2,3,5,2,3,3,0
Zainab Sexton,1,1,61.8,206,,2,3,10,26,1,0,8899.2,0,1,0,1,0,5,0,4,3,5,5,3,0
Brandan Coles,1,1,17.1,57,,1,0,16,21,0,0,820.8,1,0,0,0,1,4,0,3,5,5,5,3,0
Shivani Oneil,0,0,42,140,,5,1,25,27,0,0,4032,0,0,1,0,1,5,1,3,5,5,3,3,1
Jarvis Bush,1,1,33.3,111,,14,2,21,22,1,0,7992,1,0,0,0,0,5,2,3,3,2,5,5,2
Tylor Hogan,1,1,42.3,141,,12,4,11,15,0,0,6091.2,1,0,0,0,1,5,3,4,5,5,5,3,3
Inez Roman,1,1,6.3,21,,11,0,30,10,0,0,302.4,1,0,0,1,0,3,0,3,5,5,5,3,0
Whitney Cullen,0,1,0,0,,17,7,26,29,0,0,366,0,0,0,0,1,0,4,3,5,2,3,3,0
Danial Southern,1,1,13.2,44,,1,2,5,28,1,1,2217.6,0,1,0,0,1,4,0,4,3,5,5,3,0
Emily-Rose Odling,1,1,2.1,7,,24,5,16,12,0,0,352.8,0,1,0,0,1,2,5,3,5,5,5,3,2
Lilianna Hubbard,1,1,3.6,12,,1,7,26,27,0,0,604.8,1,0,0,0,0,3,0,3,5,5,5,5,0
Lynsey Howells,0,1,0,0,,1,5,29,16,0,0,356,0,0,0,0,1,0,0,3,5,2,3,3,0
Adelle Davis,0,0,0,0,,0,0,17,24,0,0,314,0,0,0,0,1,0,0,3,5,2,3,3,0
Andrew Plummer,1,1,40,133.3333333,,0,5,20,20,0,0,4800,0,1,0,0,1,5,0,3,5,5,5,3,0
Fannie Zamora,1,1,39.2,130.6666667,,3,5,16,19,0,0,3763.2,1,0,0,0,1,5,0,3,5,5,5,3,0
Jessie Carlson,0,1,0,0,,18,4,10,20,0,0,442,0,0,0,0,1,0,4,4,5,2,3,3,0
Sullivan Jaramillo,0,1,204.4,681.3333333,,15,4,4,26,0,0,34339.2,0,0,1,0,1,5,3,4,5,5,3,3,3
Julia Hardin,1,1,94.5,315,,11,5,5,28,1,1,2268,1,0,0,0,0,5,3,4,3,5,5,5,3
Khalil Hunt,1,1,17.8,59.33333333,,13,2,20,13,0,0,1281.6,1,0,0,0,0,4,2,3,5,5,5,5,2
Tehya Poole,1,1,36.4,121.3333333,,3,1,21,17,0,0,4368,1,0,0,0,1,5,0,3,5,5,5,3,0
Humaira Hilton,0,0,0,0,,1,6,23,16,0,0,475,0,0,0,0,1,0,0,3,5,2,3,3,0
Maheen John,0,1,0,0,,0,3,7,29,0,0,381,0,0,0,0,1,0,0,4,5,2,3,3,0
Ruqayyah Herman,0,0,116.4,388,,3,0,29,21,1,1,19555.2,0,0,1,0,0,5,0,3,3,5,3,5,0
Nelly Kane,0,1,0,0,,1,2,20,30,0,0,353,0,0,0,0,1,0,0,3,5,2,3,3,0
Billy-Joe Mcfarlane,1,1,59.1,197,,18,7,24,14,1,0,4255.2,0,1,0,0,1,5,4,3,3,5,5,3,3
Briony Travers,1,1,16.2,54,,0,7,19,23,1,0,2721.6,1,0,0,1,1,4,0,3,3,5,5,3,0
Kerrie Sadler,1,1,31.2,104,,20,1,29,14,0,0,5990.4,0,1,0,0,0,5,1,3,5,5,5,5,1
Kush Wong,1,1,124.2,414,,20,3,3,5,0,0,35769.6,0,1,0,0,0,5,3,5,5,2,5,5,2
Kendal Wharton,0,0,80.4,268,,21,6,13,23,0,0,7718.4,0,0,1,0,0,5,4,4,5,5,3,5,3
Colby Adkins,1,1,74.4,248,,20,2,10,28,1,0,17856,0,1,0,0,1,5,2,4,3,2,5,3,2
Zofia Lin,0,1,0,0,,21,3,15,18,0,0,477,0,0,0,0,1,0,3,3,5,2,3,3,0
Whitney Haas,1,1,30.5,101.6666667,,2,4,29,21,1,0,5124,0,1,0,0,1,5,0,3,3,5,5,3,0
Eliza Velasquez,1,1,142.4,474.6666667,,16,6,4,2,1,0,54681.6,1,0,0,0,0,5,4,4,3,2,5,5,2
Kelis Navarro,0,1,0,0,,15,5,17,21,0,0,334,0,0,0,0,0,0,3,3,5,2,3,5,0
Eiliyah Mcdonald,0,1,0,0,,22,4,21,19,0,0,368,0,0,0,0,0,0,4,3,5,2,3,5,0
Brandon-Lee Calderon,0,1,146.4,488,,3,0,26,24,0,0,7027.2,0,0,1,0,0,5,0,3,5,5,3,5,0
Enrique Todd,0,1,0,0,,13,1,10,26,0,0,464,0,0,0,0,0,0,1,4,5,2,3,5,0
Jane Millington,0,0,1.8,6,,9,1,10,23,0,0,129.6,0,0,1,1,1,2,1,4,5,5,3,3,1
Monika Church,1,1,64.2,214,,20,3,16,12,0,0,6163.2,1,0,0,1,1,5,3,3,5,5,5,3,3
Lorraine Milner,1,1,61,203.3333333,,6,0,28,21,0,0,5856,0,1,0,0,0,5,0,3,5,5,5,5,0
Susie Traynor,1,1,58.8,196,,1,0,15,22,0,0,8467.2,1,0,0,0,0,5,0,3,5,5,5,5,0
Imogen Berg,1,1,20.4,68,,4,4,20,21,1,0,3427.2,1,0,0,1,0,4,2,3,3,5,5,3,2
Raphael Rigby,1,1,7.7,25.66666667,,20,0,7,16,1,1,739.2,0,1,0,0,0,3,0,4,3,5,5,5,0
Usman Crossley,1,1,160,533.3333333,,18,7,5,6,0,0,115200,1,0,0,0,0,5,4,4,5,2,5,5,2
Inaaya Franklin,1,1,16,53.33333333,,22,5,22,11,0,0,3072,1,0,0,1,1,4,4,3,5,5,5,3,3
Alaw Pollard,1,1,108,360,,15,3,4,5,0,0,62208,0,1,0,0,0,5,3,4,5,2,5,5,2
Saara Kouma,1,1,3.2,10.66666667,,4,3,9,10,1,1,76.8,1,0,0,0,0,2,2,4,3,5,5,5,2
Mcauley Donald,0,0,0,0,,15,1,9,23,0,0,400,0,0,0,1,0,0,1,4,5,2,3,3,0
Marek Hough,1,1,36.6,122,,21,3,8,26,1,0,2635.2,1,0,0,1,0,5,3,4,3,5,5,3,3
Donnie Finney,0,1,9,30,,24,7,21,21,1,0,1728,0,0,1,0,1,3,5,3,3,5,3,3,3
Alya Woodley,1,1,20,66.66666667,,15,5,18,28,0,0,3840,0,1,0,0,0,4,3,3,5,5,5,5,3
Rivka Winter,1,1,115.2,384,,24,3,3,12,0,0,38707.2,0,1,0,0,0,5,3,5,5,2,5,5,2
Ayana Thompson,1,1,48.6,162,,12,2,19,26,1,1,4665.6,0,1,0,0,0,5,2,3,3,5,5,5,2
Veronica Duran,1,1,37.6,125.3333333,,9,7,6,26,1,1,5414.4,1,0,0,0,0,5,3,4,3,5,5,5,3
Shivani Thomson,0,1,0,0,,6,4,15,14,0,0,497,0,0,0,0,0,0,2,3,5,2,3,5,0
Jaidan Cannon,1,1,1.2,4,,22,6,15,27,1,0,28.8,0,1,0,1,1,2,4,3,3,5,5,3,2
Jedd Farley,0,1,0,0,,3,7,28,18,0,0,406,0,0,0,0,1,0,0,3,5,2,3,3,0
Kerri Robson,0,0,260.8,869.3333333,,22,3,22,20,1,0,50073.6,0,0,1,0,1,5,3,3,3,5,3,3,3
Iain Leblanc,1,1,45,150,,1,5,24,18,0,0,10800,1,0,0,1,1,5,0,3,5,2,5,3,0
Azeem Rowland,0,1,0,0,,11,5,11,30,0,0,386,0,0,0,0,0,0,3,4,5,2,3,5,0
Nate Fellows,0,0,0,0,,10,1,14,30,0,0,382,0,0,0,0,1,0,1,4,5,2,3,3,0
Elle Mcclure,1,1,80,266.6666667,,7,2,21,19,1,1,19200,0,1,0,0,1,5,2,3,3,2,5,3,2
Jesse Mcintyre,1,1,112.7,375.6666667,,22,2,6,15,0,0,29752.8,1,0,0,0,0,5,2,4,5,2,5,5,2
Deen Walton,1,1,55.8,186,,20,3,17,11,0,0,2678.4,1,0,0,0,1,5,3,3,5,5,5,3,3
Abbigail Bonilla,0,1,10.4,34.66666667,,6,3,9,30,0,0,2246.4,0,0,1,0,1,3,2,4,5,5,3,3,2
Avni Milne,0,1,0,0,,18,4,25,23,0,0,374,0,0,0,0,1,0,4,3,5,2,3,3,0
Lilah Matthews,0,1,0,0,,15,0,12,25,0,0,364,0,0,0,1,1,0,0,4,5,2,3,3,0
Aanya Broadhurst,0,1,0,0,,12,5,4,13,0,0,415,0,0,0,1,1,0,3,4,5,2,3,3,0
Heather Connolly,1,1,111,370,,20,7,3,2,1,0,61272,1,0,0,0,0,5,4,5,3,2,5,5,2
Julius Ali,0,0,0.2,0.666666667,,20,0,17,18,1,1,33.6,0,0,1,1,1,1,0,3,3,5,3,3,0
Chanel Espinosa,1,1,11,36.66666667,,20,0,19,18,1,0,1056,0,1,0,0,0,3,0,3,3,5,5,5,0
Axel Dale,1,1,42.6,142,,10,7,24,20,0,0,5112,0,1,0,0,0,5,3,3,5,5,5,5,3
Aurelia Baxter,1,1,64,213.3333333,,10,1,16,14,0,0,13824,1,0,0,0,1,5,1,3,5,5,5,3,1
Shaurya Patterson,1,1,13,43.33333333,,19,2,17,10,1,1,1872,1,0,0,1,0,4,2,3,3,5,5,3,2
Kristen Valenzuela,0,0,0,0,,20,4,10,18,0,0,331,0,0,0,0,0,0,4,4,5,2,3,5,0
Saqib Simpson,0,0,0,0,,1,3,22,25,0,0,391,0,0,0,0,1,0,0,3,5,2,3,3,0
Carlo Schmitt,0,1,0,0,,2,2,17,12,0,0,395,0,0,0,0,0,0,0,3,5,2,3,5,0
Kya Huang,1,1,3.3,11,,10,7,15,10,1,1,792,1,0,0,0,0,2,3,3,3,2,5,5,2
Dawid Nichols,1,1,8.8,29.33333333,,1,0,11,22,1,1,1056,0,1,0,1,1,3,0,4,3,5,5,3,0
Tania Harding,0,0,0,0,,14,2,20,15,0,0,390,0,0,0,0,1,0,2,3,5,2,3,3,0
Emma-Louise Lara,1,1,56.7,189,,3,6,17,11,1,1,1360.8,1,0,0,1,1,5,0,3,3,5,5,3,0
Meadow Redfern,1,1,128.8,429.3333333,,20,5,2,0,1,0,58732.8,0,1,0,0,0,5,4,5,3,2,5,5,2
Dave Frederick,0,0,0,0,,3,2,21,27,0,0,478,0,0,0,0,1,0,0,3,5,2,3,3,0
Rayhaan Andrew,0,0,0,0,,8,1,27,30,0,0,326,0,0,0,0,1,0,1,3,5,2,3,3,0
Elly Myers,1,1,24,80,,23,4,29,27,1,1,576,1,0,0,0,0,4,5,3,3,5,5,5,3
Sol Davis,1,1,107.8,359.3333333,,24,4,1,14,0,0,75028.8,0,1,0,0,0,5,5,5,5,2,5,5,2
Uzma Savage,0,0,75.2,250.6666667,,3,0,11,24,1,1,5414.4,0,0,1,0,1,5,0,4,3,5,3,3,0
Cian Harper,1,1,119.7,399,,21,7,5,11,0,0,83311.2,0,1,0,0,0,5,4,4,5,2,5,5,2
Helin Allman,0,1,0,0,,19,3,17,30,0,0,442,0,0,0,1,1,0,3,3,5,2,3,3,0
Nansi Hall,0,1,392,1306.666667,,18,4,15,10,0,0,65856,0,0,1,0,0,5,4,3,5,5,3,5,3
Edna Pearson,0,0,0,0,,13,6,11,29,0,0,341,0,0,0,0,0,0,3,4,5,2,3,5,0
Teri Ellwood,0,0,0,0,,20,7,10,12,0,0,316,0,0,0,0,0,0,4,4,5,2,3,5,0
Massimo O'Quinn,0,1,30.8,102.6666667,,5,7,15,24,0,0,3696,0,0,1,0,1,5,2,3,5,5,3,3,2
Sumaiyah Russo,0,1,0,0,,23,4,18,30,0,0,480,0,0,0,0,1,0,5,3,5,2,3,3,0
Keir Dalton,0,1,131.4,438,,15,6,11,28,1,0,22075.2,0,0,1,1,1,5,3,4,3,5,3,3,3
Neo Jeffery,1,1,20.8,69.33333333,,15,0,16,10,0,0,4992,0,1,0,1,0,4,0,3,5,2,5,3,0
Rheanna Lees,0,1,0,0,,22,0,3,26,0,0,395,0,0,0,0,1,0,0,5,5,2,3,3,0
Leanna Flowers,0,0,0,0,,21,3,25,17,0,0,307,0,0,0,1,0,0,3,3,5,2,3,3,0
Mayur Galindo,0,0,0,0,,2,6,17,15,0,0,370,0,0,0,0,0,0,0,3,5,2,3,5,0
Vanesa Hodge,1,1,59,196.6666667,,7,7,3,13,0,0,11328,0,1,0,0,0,5,2,5,5,5,5,5,2
Ptolemy Mcculloch,0,1,0,0,,23,3,20,19,0,0,434,0,0,0,0,0,0,3,3,5,2,3,5,0
Homer Gibson,0,1,0,0,,19,7,7,28,0,0,389,0,0,0,0,1,0,4,4,5,2,3,3,0
Theon Allan,0,1,0,0,,8,6,22,10,0,0,332,0,0,0,0,0,0,3,3,5,2,3,5,0
Fathima Marriott,1,1,1.4,4.666666667,,10,7,26,14,0,0,235.2,1,0,0,0,0,2,3,3,5,5,5,5,2
Beauden Woolley,1,1,120.6,402,,15,2,6,11,0,0,81043.2,1,0,0,0,0,5,2,4,5,2,5,5,2
Mared Herman,1,1,35,116.6666667,,20,5,23,16,0,0,6720,0,1,0,0,0,5,4,3,5,5,5,5,3
Kwame Perry,1,1,2.4,8,,20,2,14,12,1,1,230.4,1,0,0,0,0,2,2,4,3,5,5,5,2
Milli Espinoza,1,1,23,76.66666667,,1,1,9,27,0,0,552,1,0,0,0,0,4,0,4,5,5,5,5,0
Jonty Bradley,0,1,198,660,,11,0,14,30,0,0,23760,0,0,1,1,1,5,0,4,5,5,3,3,0
Gracie Ratliff,0,0,0,0,,11,2,9,27,0,0,320,0,0,0,0,0,0,2,4,5,2,3,5,0
Darcey Gaines,1,1,12.9,43,,24,2,18,25,1,1,2786.4,0,1,0,0,0,4,2,3,3,5,5,5,2
Daanyaal Newman,0,1,0,0,,0,0,17,14,0,0,301,0,0,0,0,0,0,0,3,5,2,3,5,0
Samuel Bartlett,0,0,64.8,216,,0,7,14,15,0,0,13996.8,0,0,1,1,1,5,0,4,5,5,3,3,0
Armaan Cullen,0,1,35,116.6666667,,22,5,28,20,0,0,7560,0,0,1,0,1,5,4,3,5,5,3,3,3
Kirby Holman,1,1,37,123.3333333,,4,1,19,22,0,0,2664,0,1,0,1,1,5,1,3,5,5,5,3,1
Lorenzo Ponce,0,1,87.6,292,,14,0,25,30,0,0,2102.4,0,0,1,0,0,5,0,3,5,5,3,5,0
Xena Parry,1,1,36.6,122,,16,4,27,15,1,0,7027.2,1,0,0,1,1,5,4,3,3,5,5,3,3
Sammy Graham,1,1,70.8,236,,14,4,8,12,1,1,3398.4,0,1,0,0,0,5,3,4,3,5,5,5,3
Katlyn Holt,1,1,52,173.3333333,,10,5,3,19,1,0,8736,1,0,0,0,0,5,3,5,3,5,5,5,3
Cavan Carr,1,1,93.6,312,,2,6,17,19,1,0,4492.8,1,0,0,0,1,5,0,3,3,5,5,3,0
Fabien Green,0,0,63.6,212,,7,7,8,30,0,0,6105.6,0,0,1,1,1,5,2,4,5,5,3,3,2
Kieran Buchanan,1,1,55.5,185,,17,6,15,25,1,0,11988,0,1,0,0,1,5,4,3,3,5,5,3,3
Abdurahman Casey,1,1,15,50,,15,2,15,20,0,0,3600,0,1,0,1,0,4,2,3,5,2,5,3,2
Alastair Iles,0,0,119.4,398,,13,3,13,25,1,1,20059.2,0,0,1,0,0,5,3,4,3,5,3,5,3
Mehak Sanchez,1,1,62.8,209.3333333,,16,0,10,14,1,0,12057.6,0,1,0,1,0,5,0,4,3,5,5,3,0
Siana Davidson,1,1,4.8,16,,7,5,28,16,1,1,115.2,1,0,0,1,0,3,2,3,3,5,5,3,2
Laiba Fletcher,1,1,90,300,,1,6,18,28,1,0,12960,0,1,0,0,1,5,0,3,3,5,5,3,0
Omari Alexander,1,1,105,350,,17,3,6,10,0,0,27720,1,0,0,0,0,5,3,4,5,2,5,5,2
Aydin Blackburn,0,0,264,880,,3,0,22,23,0,0,12672,0,0,1,0,1,5,0,3,5,5,3,3,0
Crystal Robles,0,1,0,0,,1,5,21,19,0,0,350,0,0,0,0,0,0,0,3,5,2,3,5,0
Benedict Watts,0,0,0,0,,6,5,10,26,0,0,375,0,0,0,0,0,0,2,4,5,2,3,5,0
Jenna Bowler,0,1,0,0,,10,3,5,24,0,0,323,0,0,0,0,0,0,3,4,5,2,3,5,0
Tayah Perkins,1,1,20.8,69.33333333,,14,6,5,26,0,0,3993.6,1,0,0,0,0,4,3,4,5,5,5,5,3
Ammar Noble,1,1,42.9,143,,5,6,28,25,0,0,2059.2,1,0,0,0,1,5,2,3,5,5,5,3,2
Mayson Garrison,0,0,0,0,,18,2,15,16,0,0,332,0,0,0,1,0,0,2,3,5,2,3,3,0
Herbert Ferreira,1,1,31.6,105.3333333,,22,6,3,23,1,0,3792,1,0,0,0,1,5,4,5,3,5,5,3,3
Raisa Rossi,0,0,73.2,244,,17,6,8,10,1,1,7027.2,0,0,1,1,0,5,4,4,3,5,3,3,3
Christine Wyatt,1,1,5.8,19.33333333,,8,0,13,19,0,0,278.4,0,1,0,1,0,3,0,4,5,5,5,3,0
Malak Santos,1,1,8.6,28.66666667,,8,2,17,29,0,0,1444.8,1,0,0,0,0,3,2,3,5,5,5,5,2
Eve Salt,1,1,39.2,130.6666667,,12,1,26,28,1,0,940.8,0,1,0,0,0,5,1,3,3,5,5,5,1
Darryl Braun,1,1,29.1,97,,17,1,4,23,0,0,2095.2,1,0,0,1,1,4,1,4,5,5,5,3,1
Kiri Hines,0,0,126,420,,23,7,11,29,1,1,18144,0,0,1,0,0,5,5,4,3,5,3,5,3
Laurel Paine,0,1,103.2,344,,14,0,16,27,1,0,19814.4,0,0,1,0,0,5,0,3,3,5,3,5,0
Leigha Simmonds,1,1,22.2,74,,5,7,14,10,1,0,2131.2,1,0,0,1,1,4,2,4,3,5,5,3,2
Colette Person,1,1,27.3,91,,17,6,15,15,0,0,2620.8,0,1,0,0,1,4,4,3,5,5,5,3,3
Ruby-Rose Kaye,0,0,0,0,,6,4,20,26,0,0,426,0,0,0,0,1,0,2,3,5,2,3,3,0
Luciana Norton,0,1,0,0,,1,2,19,28,0,0,349,0,0,0,0,1,0,0,3,5,2,3,3,0
Zuzanna Rooney,1,1,46.8,156,,1,7,10,15,0,0,8985.6,0,1,0,1,0,5,0,4,5,5,5,3,0
Leyla Roberts,1,1,13.5,45,,18,6,26,11,1,1,324,1,0,0,1,0,4,4,3,3,5,5,3,3
Hafsah Avila,0,0,0,0,,6,3,11,29,0,0,453,0,0,0,0,0,0,2,4,5,2,3,5,0
Rehan Newman,0,0,2,6.666666667,,17,6,18,19,0,0,384,0,0,1,0,1,2,4,3,5,5,3,3,2
Gregory Pitt,0,0,0,0,,16,0,5,19,0,0,409,0,0,0,1,0,0,0,4,5,2,3,3,0
Hadley Wade,0,1,0,0,,13,3,13,20,0,0,401,0,0,0,0,0,0,3,4,5,2,3,5,0
Adelina Walter,0,1,0,0,,24,6,26,20,0,0,443,0,0,0,0,1,0,5,3,5,2,3,3,0
Shelby Ahmad,0,1,0,0,,21,2,5,14,0,0,393,0,0,0,0,1,0,2,4,5,2,3,3,0
Warren Nixon,0,1,0,0,,2,1,10,28,0,0,320,0,0,0,0,1,0,0,4,5,2,3,3,0
Camron Hayden,0,1,120,400,,17,6,8,26,0,0,17280,0,0,1,0,0,5,4,4,5,5,3,5,3
Eilidh Holder,1,1,61.5,205,,3,0,27,12,0,0,14760,1,0,0,0,0,5,0,3,5,2,5,5,0
Kelise Tapia,1,1,54,180,,8,4,23,20,1,1,3888,1,0,0,0,1,5,3,3,3,5,5,3,3
Beth Rodriquez,1,1,88.2,294,,18,1,24,23,0,0,21168,1,0,0,1,0,5,1,3,5,2,5,3,1
Destiny Lozano,1,1,18.2,60.66666667,,5,6,15,22,0,0,2184,0,1,0,0,0,4,2,3,5,5,5,5,2
Lisa-Marie Marsh,1,1,68,226.6666667,,24,5,17,10,0,0,6528,0,1,0,1,0,5,5,3,5,5,5,3,3
Ananya Gunn,0,0,198,660,,4,3,23,27,0,0,42768,0,0,1,0,0,5,2,3,5,5,3,5,2
Norah Lester,0,1,0,0,,3,7,23,22,0,0,414,0,0,0,0,0,0,0,3,5,2,3,5,0
Bartosz Bateman,0,0,30.2,100.6666667,,12,4,8,11,1,0,5073.6,0,0,1,1,0,5,3,4,3,5,3,3,3
Lola-Rose Beltran,0,0,0,0,,23,3,15,20,0,0,310,0,0,0,0,0,0,3,3,5,2,3,5,0
Maddy Mustafa,0,1,29.4,98,,11,5,19,15,0,0,2116.8,0,0,1,1,1,4,3,3,5,5,3,3,3
Emmanuel Marsden,0,0,221.4,738,,24,1,15,27,1,0,37195.2,0,0,1,0,0,5,1,3,3,5,3,5,1
Imran Mercer,1,1,51.2,170.6666667,,21,4,30,25,1,0,9830.4,1,0,0,0,0,5,4,3,3,5,5,5,3
Ryker Hutchinson,0,0,0,0,,17,1,5,10,0,0,467,0,0,0,0,1,0,1,4,5,2,3,3,0
Micah Traynor,1,1,7.6,25.33333333,,6,7,15,16,1,1,1276.8,0,1,0,0,1,3,2,3,3,5,5,3,2
Shahzaib Kaufman,1,1,16.2,54,,3,7,29,29,1,1,3110.4,0,1,0,0,1,4,0,3,3,5,5,3,0
Yusuf Sharma,1,1,18.4,61.33333333,,7,1,27,16,1,1,2208,0,1,0,1,0,4,1,3,3,5,5,3,1
Barry Wells,1,1,102.4,341.3333333,,22,4,4,3,0,0,41779.2,0,1,0,0,0,5,4,4,5,2,5,5,2
Umair Benitez,0,1,228.6,762,,5,0,21,30,1,0,43891.2,0,0,1,1,1,5,0,3,3,5,3,3,0
Gregor Quinn,1,1,155,516.6666667,,16,7,6,8,0,0,100440,0,1,0,0,0,5,4,4,5,2,5,5,2
Mila-Rose Herman,1,1,0.2,0.666666667,,15,1,15,14,1,1,9.6,0,1,0,1,0,1,1,3,3,5,5,3,1
Payton Byers,0,0,9.8,32.66666667,,13,3,18,20,1,0,235.2,0,0,1,0,1,3,3,3,3,5,3,3,3
Ishan Morin,0,1,24,80,,23,3,10,24,1,0,576,0,0,1,0,0,4,3,4,3,5,3,5,3
Wiktor Rigby,1,1,8.1,27,,8,5,28,26,0,0,972,1,0,0,1,1,3,3,3,5,5,5,3,3
Brook Saunders,1,1,22.5,75,,12,1,6,25,0,0,3780,0,1,0,0,1,4,1,4,5,5,5,3,1
Connor Mackenzie,1,1,51.2,170.6666667,,7,3,3,21,0,0,7372.8,0,1,0,1,1,5,2,5,5,5,5,3,2
Keeva Garner,1,1,53.6,178.6666667,,12,0,23,29,0,0,7718.4,0,1,0,0,1,5,0,3,5,5,5,3,0
Kaif Horton,0,1,0,0,,6,0,8,23,0,0,489,0,0,0,0,0,0,0,4,5,2,3,5,0
Cara Mcclure,0,0,0,0,,13,2,27,18,0,0,352,0,0,0,0,1,0,2,3,5,2,3,3,0
Rimsha Finney,1,1,40.5,135,,11,3,15,15,1,0,7776,0,1,0,1,0,5,3,3,3,5,5,3,3
Jeanne Macias,1,1,20.4,68,,0,4,15,13,0,0,979.2,0,1,0,0,1,4,0,3,5,5,5,3,0
Elis Wickens,1,1,12.5,41.66666667,,16,7,17,15,1,1,2400,0,1,0,0,1,4,4,3,3,5,5,3,3
Linda Whittaker,0,1,0,0,,24,7,20,19,0,0,496,0,0,0,0,1,0,5,3,5,2,3,3,0
Tashan Meyers,0,1,0,0,,23,5,23,29,0,0,399,0,0,0,0,1,0,5,3,5,2,3,3,0
Sinead Mellor,1,1,4.4,14.66666667,,8,7,12,25,0,0,422.4,0,1,0,0,0,3,3,4,5,5,5,5,3
Asmaa Gonzalez,0,0,127.2,424,,13,7,27,11,1,1,9158.4,0,0,1,0,1,5,3,3,3,5,3,3,3
Anish Willis,0,0,0,0,,21,6,25,20,0,0,497,0,0,0,0,0,0,4,3,5,2,3,5,0
Tierney Rayner,1,1,14.2,47.33333333,,20,4,21,23,0,0,340.8,0,1,0,1,0,4,4,3,5,5,5,3,3
Talia Nieves,1,1,3.9,13,,12,0,18,19,1,0,842.4,0,1,0,1,1,3,0,3,3,5,5,3,0
Kristin Tate,0,0,0,0,,14,1,25,13,0,0,482,0,0,0,1,0,0,1,3,5,2,3,3,0
Phillip Rivera,0,0,0,0,,0,6,21,19,0,0,413,0,0,0,0,1,0,0,3,5,2,3,3,0
Greg Smith,1,1,4.8,16,,5,5,8,16,0,0,921.6,0,1,0,0,1,3,2,4,5,5,5,3,2
Carter Gallagher,1,1,8.6,28.66666667,,10,5,17,19,0,0,1857.6,1,0,0,0,1,3,3,3,5,5,5,3,3
Caoimhe Webber,0,0,0,0,,15,5,13,18,0,0,350,0,0,0,1,0,0,3,4,5,2,3,3,0
Digby Armitage,0,1,0,0,,13,5,11,25,0,0,432,0,0,0,1,1,0,3,4,5,2,3,3,0
Aurelia Ballard,0,1,249.6,832,,24,0,4,18,1,0,17971.2,0,0,1,1,1,5,0,4,3,5,3,3,0
Roseanna Lu,1,1,6,20,,13,0,13,13,1,1,1440,0,1,0,0,1,3,0,4,3,2,5,3,0
Tamara Macdonald,0,1,148.8,496,,13,3,3,28,0,0,7142.4,0,0,1,0,0,5,3,5,5,5,3,5,3
Taylah Gallegos,1,1,80.5,268.3333333,,22,6,11,12,1,0,19320,0,1,0,0,0,5,4,4,3,2,5,5,2
Renae Dillon,0,0,122.4,408,,8,6,16,26,1,0,26438.4,0,0,1,0,1,5,3,3,3,5,3,3,3
Freddy Davie,1,1,151,503.3333333,,21,6,2,11,0,0,108720,1,0,0,0,0,5,4,5,5,2,5,5,2
Arielle Seymour,1,1,24,80,,8,0,16,27,1,1,2880,0,1,0,0,0,4,0,3,3,5,5,5,0
Liliana Dudley,0,1,227.2,757.3333333,,16,5,23,17,1,0,49075.2,0,0,1,0,1,5,4,3,3,5,3,3,3
Siana Nicholls,0,1,0,0,,18,2,5,22,0,0,331,0,0,0,1,1,0,2,4,5,2,3,3,0
Robson Donnelly,1,1,142.4,474.6666667,,24,2,3,9,1,0,102528,0,1,0,0,0,5,2,5,3,2,5,5,2
Melanie Holding,0,0,77,256.6666667,,11,7,25,24,0,0,14784,0,0,1,1,0,5,3,3,5,5,3,3,3
Camille Davey,0,0,0,0,,20,4,3,11,0,0,464,0,0,0,0,1,0,4,5,5,2,3,3,0
Amina Ramsay,1,1,73.5,245,,9,2,16,29,0,0,10584,1,0,0,0,0,5,2,3,5,5,5,5,2
June Lacey,1,1,42.6,142,,21,7,20,26,1,0,1022.4,0,1,0,0,1,5,4,3,3,5,5,3,3
Vivaan Adkins,0,1,138,460,,12,2,10,22,0,0,23184,0,0,1,0,0,5,2,4,5,5,3,5,2
Lorena Yates,0,1,330,1100,,4,4,8,30,0,0,39600,0,0,1,1,0,5,2,4,5,5,3,3,2
Haya Akhtar,0,0,0,0,,6,3,17,13,0,0,455,0,0,0,0,1,0,2,3,5,2,3,3,0
Zoey Gilmour,0,0,0,0,,7,5,17,24,0,0,479,0,0,0,0,0,0,2,3,5,2,3,5,0
Caelan Walters,1,1,78.4,261.3333333,,4,1,5,17,0,0,3763.2,0,1,0,0,0,5,1,4,5,5,5,5,1
Akeem Santana,1,1,36,120,,21,0,25,29,0,0,2592,1,0,0,1,1,5,0,3,5,5,5,3,0
Jodie Fry,0,1,0,0,,9,3,22,13,0,0,318,0,0,0,1,0,0,3,3,5,2,3,3,0
Neal Wall,0,0,172.8,576,,11,2,30,29,1,1,29030.4,0,0,1,0,0,5,2,3,3,5,3,5,2
Marius O'Connor,0,0,139.2,464,,6,3,30,10,0,0,33408,0,0,1,1,1,5,2,3,5,2,3,3,2
Priyanka Sharples,1,1,101.5,338.3333333,,18,7,2,13,0,0,70644,0,1,0,0,0,5,4,5,5,2,5,5,2
Margo Irving,0,0,0,0,,22,2,26,19,0,0,426,0,0,0,0,0,0,2,3,5,2,3,5,0
Tiah Delaney,1,1,34.4,114.6666667,,7,7,7,23,1,0,8256,0,1,0,1,0,5,2,4,3,2,5,3,2
Abdurahman Mercado,1,1,30,100,,21,3,24,13,1,1,720,0,1,0,1,0,5,3,3,3,5,5,3,3
Berat Young,1,1,34.3,114.3333333,,22,0,20,22,0,0,8232,1,0,0,0,0,5,0,3,5,2,5,5,0
Bjorn Mccray,1,1,34.2,114,,9,1,15,30,1,0,5745.6,1,0,0,0,0,5,1,3,3,5,5,5,1
Sumayya Wilde,1,1,14.8,49.33333333,,18,3,17,23,0,0,1776,0,1,0,0,1,4,3,3,5,5,5,3,3
Sharna Schneider,0,1,0,0,,17,7,13,17,0,0,425,0,0,0,0,1,0,4,4,5,2,3,3,0
Malik Brook,1,1,45.6,152,,10,3,23,25,0,0,9849.6,1,0,0,0,0,5,3,3,5,5,5,5,3
Kenan Beck,1,1,130,433.3333333,,18,4,6,15,0,0,53040,0,1,0,0,0,5,4,4,5,2,5,5,2
Dani Lucas,0,1,261,870,,13,6,30,27,1,0,18792,0,0,1,0,0,5,3,3,3,5,3,5,3
Kaira Webb,0,0,334,1113.333333,,6,1,26,24,0,0,80160,0,0,1,0,0,5,1,3,5,2,3,5,1
Kareem Cordova,0,1,0,0,,21,6,30,16,0,0,326,0,0,0,0,1,0,4,3,5,2,3,3,0
Rhian Fellows,1,1,130.5,435,,17,3,2,14,0,0,78300,1,0,0,0,0,5,3,5,5,2,5,5,2
David Derrick,0,0,0,0,,5,0,27,27,0,0,300,0,0,0,0,0,0,0,3,5,2,3,5,0
Jorja Sharples,0,0,138.6,462,,13,6,30,27,1,0,13305.6,0,0,1,0,0,5,3,3,3,5,3,5,3
Tilly-Mae Southern,1,1,4,13.33333333,,3,0,12,23,1,0,576,0,1,0,0,0,3,0,4,3,5,5,5,0
Raife Cooper,0,0,0,0,,15,2,24,10,0,0,321,0,0,0,1,1,0,2,3,5,2,3,3,0
Humayra Hayes,1,1,25.6,85.33333333,,1,0,14,21,0,0,1228.8,1,0,0,1,0,4,0,4,5,5,5,3,0
Toni Estrada,1,1,92.8,309.3333333,,21,2,23,17,1,0,22272,0,1,0,1,0,5,2,3,3,2,5,3,2
Jaspal Mcclure,0,0,72,240,,2,1,28,22,1,0,17280,0,0,1,1,1,5,0,3,3,2,3,3,0
Jesus Mcpherson,1,1,35,116.6666667,,16,7,3,15,0,0,840,0,1,0,0,1,5,4,5,5,5,5,3,3
Dahlia Hoffman,1,1,21.6,72,,4,5,27,15,1,0,3628.8,1,0,0,0,1,4,2,3,3,5,5,3,2
Dev Alfaro,0,0,46.8,156,,10,5,9,20,0,0,3369.6,0,0,1,0,0,5,3,4,5,5,3,5,3
Joao Lang,0,1,0,0,,12,4,5,11,0,0,495,0,0,0,0,0,0,3,4,5,2,3,5,0
Idris Norton,1,1,65.1,217,,6,1,23,17,1,1,9374.4,1,0,0,0,1,5,1,3,3,5,5,3,1
Arwa Frederick,1,1,61.2,204,,3,2,29,26,0,0,11750.4,1,0,0,1,1,5,0,3,5,5,5,3,0
Tasneem Jaramillo,0,1,136,453.3333333,,22,0,21,20,0,0,16320,0,0,1,0,0,5,0,3,5,5,3,5,0
Terry Gallagher,0,1,102,340,,5,4,10,16,1,1,7344,0,0,1,1,1,5,2,4,3,5,3,3,2
Simrah Mills,1,1,4.5,15,,19,5,29,18,1,1,648,0,1,0,0,1,3,4,3,3,5,5,3,3
Jadine Dyer,1,1,96.5,321.6666667,,8,0,9,22,0,0,16212,1,0,0,0,0,5,0,4,5,5,5,5,0
Bilaal Rios,1,1,47,156.6666667,,13,3,23,21,1,0,6768,1,0,0,0,1,5,3,3,3,5,5,3,3
Dennis Terrell,1,1,7.8,26,,18,2,13,13,0,0,1872,0,1,0,0,1,3,2,4,5,2,5,3,2
Bentley Becker,1,1,3,10,,24,7,7,22,0,0,504,0,1,0,0,1,2,5,4,5,5,5,3,2
Kynan Middleton,1,1,146,486.6666667,,17,6,5,12,0,0,87600,1,0,0,0,0,5,4,4,5,2,5,5,2
Melanie Mendez,1,1,136.8,456,,17,2,5,4,0,0,65664,1,0,0,0,0,5,2,4,5,2,5,5,2
Aiesha Ochoa,1,1,138.6,462,,21,5,3,4,1,0,59875.2,1,0,0,0,0,5,4,5,3,2,5,5,2
Orlaith Mueller,1,1,99,330,,19,7,7,26,1,1,2376,0,1,0,1,1,5,4,4,3,5,5,3,3
Balraj Mcgrath,1,1,4.6,15.33333333,,4,2,20,28,1,1,331.2,1,0,0,0,1,3,2,3,3,5,5,3,2
Eiliyah Grey,1,1,28.8,96,,12,7,16,17,1,1,3456,1,0,0,0,1,4,3,3,3,5,5,3,3
Mohamad Simon,0,0,0,0,,2,7,25,23,0,0,451,0,0,0,0,0,0,0,3,5,2,3,5,0
Justin Pennington,1,1,13.9,46.33333333,,15,2,7,18,1,0,2001.6,1,0,0,0,0,4,2,4,3,5,5,5,2
Tasha Sandoval,0,0,27,90,,17,2,15,13,0,0,1296,0,0,1,0,1,4,2,3,5,5,3,3,2
Zahra Michael,0,0,0,0,,7,1,8,16,0,0,318,0,0,0,1,1,0,1,4,5,2,3,3,0
Cameron Dowling,1,1,3.6,12,,10,1,4,23,0,0,691.2,0,1,0,0,0,3,1,4,5,5,5,5,1
Lydia Garcia,0,1,0,0,,2,0,18,10,0,0,359,0,0,0,0,1,0,0,3,5,2,3,3,0
Joann Mohamed,0,1,0,0,,3,6,23,13,0,0,450,0,0,0,0,1,0,0,3,5,2,3,3,0
Maude Macfarlane,1,1,78.3,261,,7,4,6,25,0,0,16912.8,1,0,0,1,1,5,2,4,5,5,5,3,2
Lesley Blackwell,0,0,0,0,,12,0,24,24,0,0,409,0,0,0,0,0,0,0,3,5,2,3,5,0
Elize Ward,1,1,97.2,324,,24,2,26,25,0,0,16329.6,1,0,0,0,0,5,2,3,5,5,5,5,2
Fallon Ortega,1,1,1.2,4,,18,0,11,28,1,0,259.2,1,0,0,1,0,2,0,4,3,5,5,3,0
Elara Wall,0,0,254,846.6666667,,21,7,4,20,1,0,12192,0,0,1,0,1,5,4,4,3,5,3,3,3
Scarlet Flores,0,0,37.6,125.3333333,,5,0,3,11,1,0,4512,0,0,1,0,1,5,0,5,3,5,3,3,0
Lennon Bradley,1,1,143.1,477,,24,6,3,2,0,0,96163.2,0,1,0,0,0,5,5,5,5,2,5,5,2
Jodie Forster,1,1,84,280,,3,5,9,14,1,0,18144,0,1,0,1,0,5,0,4,3,5,5,3,0
Brooke Cardenas,1,1,22.4,74.66666667,,16,7,8,25,1,0,2150.4,0,1,0,0,0,4,4,4,3,5,5,5,3
Alanah York,0,0,95.4,318,,11,5,7,13,0,0,18316.8,0,0,1,0,0,5,3,4,5,5,3,5,3
Kaelan Mcdaniel,1,1,33.6,112,,11,6,20,20,0,0,806.4,1,0,0,0,1,5,3,3,5,5,5,3,3
Pearl Burch,0,1,30,100,,12,4,5,19,0,0,2880,0,0,1,0,0,5,3,4,5,5,3,5,3
Arnav Zavala,0,1,16.8,56,,4,4,6,27,1,0,2822.4,0,0,1,0,0,4,2,4,3,5,3,5,2
Libby Villa,0,1,118.4,394.6666667,,0,2,12,22,1,0,25574.4,0,0,1,1,0,5,0,4,3,5,3,3,0
Jayde Webber,0,1,74.8,249.3333333,,2,6,4,17,1,0,16156.8,0,0,1,1,0,5,0,4,3,5,3,3,0
Abdulahi Bloom,0,1,0,0,,0,7,20,29,0,0,436,0,0,0,0,1,0,0,3,5,2,3,3,0
Alma Cunningham,0,0,7,23.33333333,,20,4,4,15,1,1,840,0,0,1,0,1,3,4,4,3,5,3,3,3
